Code,Name,Happiness Rank,Happiness Score,Population,Area (sq. mi.),Pop. Density (per sq. mi.),Coastline (coast/area ratio),Net migration,Infant mortality (per 1000 births),GDP ($ per capita),Literacy (%),Phones (per 1000),Arable (%),Crops (%),Other (%),Climate,Birthrate,Deathrate,Agriculture,Industry,Service
NO,Norway,1,7.537000179,4610820,323802,14.2,7.77,1.74,3.7,37800,100,461.7,2.87,0,97.13,3,11.46,9.4,0.021,0.415,0.564
DK,Denmark,2,7.521999836,5450661,43094,126.5,16.97,2.48,4.56,31100,100,614.6,54.02,0.19,45.79,3,11.13,10.36,0.018,0.246,0.735
IS,Iceland,3,7.504000187,299388,103000,2.9,4.83,2.38,3.31,30900,99.9,647.7,0.07,0,99.93,3,13.64,6.72,0.086,0.15,0.765
CH,Switzerland,4,7.493999958,7523934,41290,182.2,0,4.05,4.39,32700,99,680.9,10.42,0.61,88.97,3,9.71,8.49,0.015,0.34,0.645
FI,Finland,5,7.468999863,5231372,338145,15.5,0.37,0.95,3.57,27400,100,405.3,7.19,0.03,92.78,3,10.45,9.86,0.028,0.295,0.676
NL,Netherlands,6,7.376999855,16491461,41526,397.1,1.09,2.91,5.04,28600,99,460.8,26.71,0.97,72.32,3,10.9,8.68,0.021,0.244,0.736
CA,Canada,7,7.315999985,33098932,9984670,3.3,2.02,5.96,4.75,29800,97,552.2,4.96,0.02,95.02,0,10.78,7.8,0.022,0.294,0.684
NZ,New Zealand,8,7.31400013,4076140,268680,15.2,5.63,4.05,5.85,21600,99,441.7,5.6,6.99,87.41,3,13.76,7.53,0.043,0.273,0.684
SE,Sweden,9,7.28399992,9016596,449964,20,0.72,1.67,2.77,26800,99,715,6.54,0.01,93.45,3,10.27,10.31,0.011,0.282,0.707
AU,Australia,10,7.28399992,20264082,7686850,2.6,0.34,3.98,4.69,29000,100,565.5,6.55,0.04,93.41,1,12.14,7.51,0.038,0.262,0.7
IL,Israel,11,7.212999821,6352117,20770,305.8,1.31,0.68,7.03,19800,95.4,462.3,16.39,4.17,79.44,3,17.97,6.18,0.026,0.317,0.657
CR,Costa Rica,12,7.078999996,4075261,51100,79.8,2.52,0.51,9.95,9100,96,340.7,4.41,5.88,89.71,2,18.32,4.36,0.088,0.299,0.614
AT,Austria,13,7.006000042,8192880,83870,97.7,0,2,4.66,30000,98,452.2,16.91,0.86,82.23,3,8.74,9.76,0.018,0.304,0.678
US,United States,14,6.993000031,298444215,9631420,31,0.21,3.41,6.5,37800,97,898,19.13,0.22,80.65,3,14.14,8.26,0.01,0.204,0.787
IE,Ireland,15,6.977000237,4062235,70280,57.8,2.06,4.99,5.39,29600,98,500.5,15.2,0.03,84.77,3,14.45,7.82,0.05,0.46,0.49
DE,Germany,16,6.951000214,82422299,357021,230.9,0.67,2.18,4.16,27600,99,667.9,33.85,0.59,65.56,3,8.25,10.62,0.009,0.296,0.695
BE,Belgium,17,6.890999794,10379067,30528,340,0.22,1.23,4.68,29100,98,462.6,23.28,0.4,76.32,3,10.38,10.27,0.01,0.24,0.749
LU,Luxembourg,18,6.862999916,474413,2586,183.5,0,8.97,4.81,55100,100,515.4,23.28,0.4,76.32,0,11.94,8.41,0.01,0.13,0.86
GB,United Kingdom,19,6.714000225,60609153,244820,247.6,5.08,2.19,5.16,27700,99,543.5,23.46,0.21,76.33,3,10.71,10.13,0.005,0.237,0.758
CL,Chile,20,6.65199995,16134219,756950,21.3,0.85,0,8.8,9900,96.2,213,2.65,0.42,96.93,3,15.23,5.81,0.06,0.493,0.447
AE,United Arab Emirates,21,6.647999763,2602713,82880,31.4,1.59,1.03,14.51,23200,77.9,475.3,0.6,2.25,97.15,1,18.96,4.4,0.04,0.585,0.375
BR,Brazil,22,6.635000229,188078227,8511965,22.1,0.09,-0.03,29.61,7600,86.4,225.3,6.96,0.9,92.15,2,16.56,6.17,0.084,0.4,0.516
CZ,Czech Republic,23,6.609000206,10235455,78866,129.8,0,0.97,3.93,15700,99.9,314.3,39.8,3.05,57.15,3,9.02,10.59,0.034,0.393,0.573
AR,Argentina,24,6.598999977,39921833,2766890,14.4,0.18,0.61,15.18,11200,97.1,220.4,12.31,0.48,87.21,3,16.73,7.55,0.095,0.358,0.547
MX,Mexico,25,6.578000069,107449525,1972550,54.5,0.47,-4.87,20.91,9000,92.2,181.6,12.99,1.31,85.7,1.5,20.69,4.74,0.038,0.259,0.702
SG,Singapore,26,6.572000027,4492150,693,6482.2,27.85,11.53,2.29,23700,92.5,411.4,1.64,0,98.36,2,9.34,4.28,0,0.339,0.661
MT,Malta,27,6.52699995,400214,316,1266.5,62.28,2.07,3.89,17700,92.8,505,28.13,3.13,68.74,0,10.22,8.1,0.03,0.23,0.74
UY,Uruguay,28,6.453999996,3431932,176220,19.5,0.37,-0.32,11.95,12800,98,291.4,7.43,0.23,92.34,3,13.91,9.05,0.093,0.311,0.596
GT,Guatemala,29,6.453999996,12293545,108890,112.9,0.37,-1.67,35.93,4100,70.6,92.1,12.54,5.03,82.43,2,29.88,5.2,0.227,0.188,0.585
PA,Panama,30,6.452000141,3191319,78200,40.8,3.18,-0.91,20.47,6300,92.6,137.9,7.36,1.98,90.66,2,21.74,5.36,0.068,0.156,0.776
FR,France,31,6.441999912,60876136,547030,111.3,0.63,0.66,4.26,27600,99,586.4,33.53,2.07,64.4,4,11.99,9.14,0.022,0.214,0.764
TH,Thailand,32,6.423999786,64631595,514000,125.7,0.63,0,20.48,7400,92.6,108.9,29.36,6.46,64.18,2,13.87,7.04,0.099,0.441,0.46
TW,Taiwan,33,6.421999931,23036087,35980,640.3,4.35,0,6.4,23400,96.1,591,24,1,75,2,12.56,6.48,0.018,0.259,0.723
ES,Spain,34,6.402999878,40397842,504782,80,0.98,0.99,4.42,22000,97.9,453.5,26.07,9.87,64.06,3,10.06,9.72,0.04,0.295,0.665
QA,Qatar,35,6.375,885359,11437,77.4,4.92,16.29,18.61,21500,82.5,232,1.64,0.27,98.09,1,15.56,4.72,0.002,0.801,0.197
CO,Colombia,36,6.356999874,43593035,1138910,38.3,0.28,-0.31,20.97,6300,92.5,176.2,2.42,1.67,95.91,2,20.48,5.58,0.125,0.342,0.533
SA,Saudi Arabia,37,6.343999863,27019731,1960582,13.8,0.13,-2.71,13.24,11800,78.8,140.6,1.67,0.09,98.24,1,29.34,2.58,0.033,0.613,0.354
TT,Trinidad and Tobago,38,6.168000221,1065842,5128,207.9,7.06,-10.83,24.31,9500,98.6,303.5,14.62,9.16,76.22,2,12.9,10.57,0.007,0.57,0.423
KW,Kuwait,39,6.105000019,2418393,17820,135.7,2.8,14.18,9.95,19000,83.5,211,0.73,0.11,99.16,1,21.94,2.41,0.004,0.479,0.516
SK,Slovakia,40,6.09800005,5439448,48845,111.4,0,0.3,7.41,13300,0,220.1,30.16,2.62,67.22,3,10.65,9.45,0.035,0.294,0.672
BH,Bahrain,41,6.086999893,698585,665,1050.5,24.21,1.05,17.27,16900,89.1,281.3,2.82,5.63,91.55,1,17.8,4.14,0.005,0.387,0.608
MY,Malaysia,42,6.084000111,24385858,329750,74,1.42,0,17.7,9000,88.7,179,5.48,17.61,76.91,2,22.86,5.05,0.084,0.48,0.436
NI,Nicaragua,43,6.071000099,5570129,129494,43,0.7,-1.22,29.11,2300,67.5,39.7,15.94,1.94,82.12,2,24.51,4.45,0.165,0.275,0.56
EC,Ecuador,44,6.007999897,13547510,283560,47.8,0.79,-8.58,23.66,3300,92.5,125.6,5.85,4.93,89.22,2,22.29,4.23,0.07,0.312,0.618
SV,El Salvador,45,6.002999783,6822378,21040,324.3,1.46,-3.74,25.1,4800,80.2,142.4,31.85,12.07,56.08,2,26.61,5.78,0.099,0.302,0.599
PL,Poland,46,5.97300005,38536869,312685,123.3,0.16,-0.49,8.51,11100,99.8,306.3,45.91,1.12,52.97,3,9.85,9.89,0.05,0.311,0.64
UZ,Uzbekistan,47,5.971000195,27307134,447400,61,0,-1.72,71.1,1700,99.3,62.9,10.83,0.83,88.34,1,26.36,7.84,0.342,0.229,0.43
IT,Italy,48,5.964000225,58133509,301230,193,2.52,2.07,5.94,26700,98.6,430.9,27.79,9.53,62.68,0,8.72,10.4,0.021,0.291,0.688
RU,Russia,49,5.962999821,142893540,17075200,8.4,0.22,1.02,15.39,8900,99.6,280.6,7.33,0.11,92.56,0,9.95,14.65,0.054,0.371,0.575
BZ,Belize,50,5.955999851,287730,22966,12.5,1.68,0,25.69,4900,94.1,115.7,2.85,1.71,95.44,2,28.84,5.72,0.142,0.152,0.612
JP,Japan,51,5.920000076,127463611,377835,337.4,7.87,0,3.26,28200,99,461.2,12.19,0.96,86.85,3,9.37,9.16,0.017,0.258,0.725
LT,Lithuania,52,5.90199995,3585906,65200,55,0.14,-0.71,6.89,11400,99.6,223.4,45.22,0.91,53.87,0,8.75,10.98,0.055,0.325,0.62
DZ,Algeria,53,5.872000217,32930091,2381740,13.8,0.04,-0.39,31,6000,70,78.1,3.22,0.25,96.53,1,17.14,4.61,0.101,0.6,0.298
LV,Latvia,54,5.849999905,2274735,64589,35.2,0.82,-2.23,9.55,10200,99.8,321.4,29.67,0.47,69.86,3,9.24,13.66,0.04,0.261,0.699
KR,South Korea,55,5.837999821,48846823,98480,496,2.45,0,7.05,17800,97.9,486.1,17.18,1.95,80.87,3,10,5.85,0.033,0.403,0.563
MD,Moldova,56,5.837999821,4466706,33843,132,0,-0.26,40.42,1800,99.1,208.1,55.3,10.79,33.91,0,15.7,12.64,0.213,0.233,0.555
RO,Romania,57,5.824999809,22303552,237500,93.9,0.09,-0.13,26.43,7000,98.4,196.9,40.82,2.25,56.93,3,10.7,11.77,0.101,0.35,0.549
BO,Bolivia,58,5.822999954,8989046,1098580,8.2,0,-1.32,53.11,2400,87.2,71.9,2.67,0.19,97.14,1.5,23.3,7.53,0.128,0.352,0.52
TM,Turkmenistan,59,5.822000027,5042920,488100,10.3,0,-0.86,73.08,5800,98,74.6,3.72,0.14,96.14,1,27.61,8.6,0.209,0.38,0.411
KZ,Kazakhstan,60,5.818999767,15233244,2717300,5.6,0,-3.35,29.21,6300,98.4,164.1,7.98,0.05,91.97,4,16,9.42,0.067,0.386,0.547
CY,Cyprus,61,5.809999943,784301,9250,84.8,7.01,0.43,7.18,19200,97.6,0,7.79,4.44,87.77,3,12.56,7.68,0.037,0.198,0.765
SI,Slovenia,62,5.757999897,2010347,20273,99.2,0.23,1.12,4.45,19000,99.7,406.1,8.6,1.49,89.91,0,8.98,10.31,0.028,0.369,0.603
PE,Peru,63,5.715000153,28302603,1285220,22,0.19,-1.05,31.94,5100,90.9,79.5,2.89,0.4,96.71,1.5,20.48,6.23,0.08,0.27,0.65
MU,Mauritius,64,5.629000187,1240827,2040,608.3,8.68,-0.9,15.03,11400,85.6,289.3,49.26,2.96,47.78,2,15.43,6.86,0.059,0.298,0.643
CY,Cyprus,65,5.620999813,784301,9250,84.8,7.01,0.43,7.18,19200,97.6,0,7.79,4.44,87.77,3,12.56,7.68,0.037,0.198,0.765
EE,Estonia,66,5.611000061,1324333,45226,29.3,8.39,-3.16,7.87,12300,99.8,333.8,16.04,0.45,83.51,3,10.04,13.25,0.04,0.294,0.666
BY,Belarus,67,5.568999767,10293011,207600,49.6,0,2.54,13.37,6100,99.6,319.1,29.55,0.6,69.85,4,11.16,14.02,0.093,0.316,0.591
LY,Libya,68,5.525000095,5900754,1759540,3.4,0.1,0,24.6,6400,82.6,127.1,1.03,0.19,98.78,0,26.49,3.48,0.076,0.499,0.425
TR,Turkey,69,5.5,70413958,780580,90.2,0.92,0,41.04,6700,86.5,269.5,30.93,3.31,65.76,3,16.62,5.97,0.117,0.298,0.585
PY,Paraguay,70,5.493000031,6506464,406750,16,0,-0.08,25.63,4700,94,49.2,7.6,0.23,92.17,2,29.1,4.49,0.224,0.207,0.569
HK,Hong Kong,71,5.472000122,6940432,1092,6355.7,67.12,5.24,2.97,28800,93.5,546.7,5.05,1.01,93.94,2,7.29,6.29,0.001,0.092,0.906
PH,Philippines,72,5.429999828,89468677,300000,298.2,12.1,-1.5,23.51,4600,92.6,38.4,18.95,16.77,64.28,2,24.89,5.41,0.144,0.326,0.53
RS,Serbia,73,5.394999981,9396411,88361,106.3,0,-1.33,12.89,2200,93,285.8,33.35,3.2,63.45,0,0,0,0.166,0.255,0.579
JO,Jordan,74,5.335999966,5906760,92300,64,0.03,6.59,17.35,4300,91.3,104.5,2.67,1.83,95.5,1,21.25,2.65,0.033,0.287,0.68
HU,Hungary,75,5.323999882,9981334,93030,107.3,0,0.86,8.57,13900,99.4,336.2,50.09,2.06,47.85,3,9.72,13.11,0.037,0.312,0.651
JM,Jamaica,76,5.31099987,2758124,10991,250.9,9.3,-4.92,12.36,3900,87.9,124,16.07,10.16,73.77,2,20.82,6.52,0.049,0.337,0.615
HR,Croatia,77,5.293000221,4494749,56542,79.5,10.32,1.58,6.84,10600,98.5,420.4,26.09,2.27,71.65,0,9.61,11.48,0.07,0.308,0.622
CN,China,79,5.272999763,1313973713,9596960,136.9,0.15,-0.4,24.18,5000,90.9,266.7,15.4,1.25,83.35,1.5,13.25,6.97,0.125,0.473,0.403
PK,Pakistan,80,5.269000053,165803560,803940,206.2,0.13,-2.77,72.44,2100,45.7,31.8,27.87,0.87,71.26,1,29.74,8.23,0.216,0.251,0.533
ID,Indonesia,81,5.262000084,245452739,1919440,127.9,2.85,0,35.6,3200,87.9,52,11.32,7.23,81.45,2,20.34,6.25,0.134,0.458,0.408
VE,Venezuela,82,5.25,25730435,912050,28.2,0.31,-0.04,22.2,4800,93.4,140.1,2.95,0.92,96.13,2,18.71,4.92,0.04,0.419,0.541
MA,Morocco,83,5.236999989,33241259,446550,74.4,0.41,-0.98,41.62,4000,51.7,40.4,19.61,2.17,78.22,0,21.98,5.58,0.217,0.357,0.426
AZ,Azerbaijan,84,5.235000134,7961619,86600,91.9,0,-4.9,81.74,3400,97,137.1,19.63,2.71,77.66,1,20.74,9.75,0.141,0.457,0.402
DO,Dominican Republic,85,5.234000206,9183984,48730,188.5,2.64,-3.22,32.38,6000,84.7,97.4,22.65,10.33,67.02,2,23.22,5.73,0.112,0.306,0.582
GR,Greece,86,5.230000019,10688058,131940,81,10.37,2.35,5.53,20000,97.5,589.7,21.1,8.78,70.12,3,9.68,10.24,0.054,0.213,0.733
LB,Lebanon,87,5.227000237,3874050,10400,372.5,2.16,0,24.52,4800,87.4,255.6,16.62,13.98,69.4,0,18.52,6.21,0.12,0.21,0.67
PT,Portugal,88,5.224999905,10605870,92391,114.8,1.94,3.57,5.05,18000,93.3,399.2,21.75,7.81,70.44,3,10.72,10.5,0.053,0.274,0.673
BA,Bosnia and Herzegovina,89,5.195000172,4498976,51129,88,0.04,0.31,21.05,6100,0,215.4,13.6,2.96,83.44,4,8.77,8.27,0.142,0.308,0.55
HN,Honduras,90,5.18200016,7326496,112090,65.4,0.73,-1.99,29.32,2600,76.2,67.5,9.55,3.22,87.23,2,28.24,5.28,0.139,0.312,0.549
MK,Macedonia,91,5.181000233,2050554,25333,80.9,0,-1.45,10.09,6700,0,260,22.26,1.81,75.93,3,12.02,8.77,0.118,0.319,0.563
SO,Somalia,92,5.175000191,8863338,637657,13.9,0.47,5.37,116.7,500,37.8,11.3,1.67,0.04,98.29,1,45.13,16.63,0.65,0.1,0.25
VN,Vietnam,93,5.151000023,84402966,329560,256.1,1.05,-0.45,25.95,2500,90.3,187.7,19.97,5.95,74.08,2,16.86,6.22,0.209,0.41,0.381
NG,Nigeria,94,5.073999882,131859731,923768,142.7,0.09,0.26,98.8,900,68,9.3,31.29,2.96,65.75,1.5,40.43,16.94,0.269,0.487,0.244
TJ,Tajikistan,95,5.073999882,7320815,143100,51.2,0,-2.86,110.76,1000,99.4,33.5,6.61,0.92,92.47,2,32.65,8.25,0.234,0.286,0.48
BT,Bhutan,96,5.040999889,2279723,47000,48.5,0,0,100.44,1300,42.2,14.3,3.09,0.43,96.48,2,33.65,12.7,0.258,0.379,0.363
KG,Kyrgyzstan,97,5.011000156,5213898,198500,26.3,0,-2.45,35.64,1600,97,84,7.3,0.35,92.35,2.5,22.8,7.08,0.353,0.208,0.439
NP,Nepal,98,5.004000187,28287147,147181,192.2,0,0,66.98,1400,45.2,15.9,21.68,0.64,77.68,0,30.98,9.31,0.38,0.21,0.41
MN,Mongolia,99,4.961999893,2832224,1564116,1.8,0,0,53.79,1800,97.8,55.1,0.77,0,99.23,1,21.59,6.95,0.206,0.214,0.58
ZA,South Africa,100,4.954999924,44187637,1219912,36.2,0.23,-0.29,61.81,10700,86.4,107,12.08,0.79,87.13,1,18.2,22,0.025,0.303,0.671
TN,Tunisia,101,4.828999996,10175014,163610,62.2,0.7,-0.57,24.77,6900,74.2,123.6,17.86,13.74,68.4,3,15.52,5.13,0.132,0.318,0.55
EG,Egypt,102,4.804999828,78887007,1001450,78.8,0.24,-0.22,32.59,4000,57.7,131.8,2.87,0.48,96.65,1,22.94,5.23,0.149,0.357,0.493
BG,Bulgaria,103,4.775000095,7385367,110910,66.6,0.32,-4.58,20.55,7600,98.6,336.3,40.02,1.92,58.06,3,9.65,14.27,0.093,0.304,0.603
SL,Sierra Leone,104,4.735000134,6005250,71740,83.7,0.56,0,143.64,500,31.4,4,6.98,0.89,92.13,2,45.76,23.03,0.49,0.31,0.21
CM,Cameroon,105,4.714000225,17340702,475440,36.5,0.08,0,68.26,1800,79,5.7,12.81,2.58,84.61,1.5,33.89,13.47,0.448,0.17,0.382
IR,Iran,106,4.709000111,68688433,1648000,41.7,0.15,-0.84,41.58,7000,79.4,276.4,8.72,1.39,89.89,1,17,5.55,0.116,0.424,0.46
AL,Albania,107,4.695000172,3581655,28748,124.6,1.26,-4.93,21.52,4500,86.5,71.2,21.09,4.42,74.49,3,15.11,5.22,0.232,0.188,0.579
BD,Bangladesh,108,4.691999912,147365352,144000,1023.4,0.4,-0.71,62.6,1900,43.1,7.3,62.11,3.07,34.82,2,29.8,8.27,0.199,0.198,0.603
NA,Namibia,109,4.644000053,2044147,825418,2.5,0.19,0,48.98,7200,84,62.6,0.99,0,99.01,1,24.32,18.86,0.097,0.315,0.588
KE,Kenya,110,4.607999802,34707817,582650,59.6,0.09,-0.1,61.47,1000,85.1,8.1,8.08,0.98,90.94,1.5,39.72,14.02,0.163,0.188,0.651
MZ,Mozambique,111,4.573999882,19686505,801590,24.6,0.31,0,130.79,1200,47.8,3.5,5.1,0.3,94.6,2,35.18,21.35,0.262,0.348,0.39
MM,Myanmar,112,4.552999973,47382633,678500,69.8,0.28,-1.8,67.24,1800,85.3,10.1,15.19,0.97,83.84,2,17.91,9.83,0.564,0.082,0.353
SN,Senegal,113,4.550000191,11987121,196190,61.1,0.27,0.2,55.51,1600,40.2,22.2,12.78,0.21,87.01,2,32.78,9.42,0.172,0.209,0.619
ZM,Zambia,114,4.545000076,11502010,752614,15.3,0,0,88.29,800,80.6,8.2,7.08,0.03,92.9,2,41,19.93,0.22,0.29,0.489
IQ,Iraq,115,4.534999847,26783383,437072,61.3,0.01,0,50.25,1500,40.4,38.6,13.15,0.78,86.07,1,31.98,5.37,0.073,0.666,0.261
GA,Gabon,116,4.513999939,1424906,267667,5.3,0.33,0,53.64,5500,63.2,27.4,1.26,0.66,98.08,2,36.16,12.25,0.061,0.592,0.348
ET,Ethiopia,117,4.497000217,74777981,1127127,66.3,0,0,95.32,700,42.7,8.2,10.71,0.75,88.54,2,37.98,14.86,0.475,0.099,0.426
LK,Sri Lanka,118,4.465000153,20222240,65610,308.2,2.04,-1.31,14.35,3700,92.3,61.5,13.86,15.7,70.44,2,15.51,6.52,0.178,0.276,0.545
AM,Armenia,119,4.460000038,2976372,29800,99.9,0,-6.47,23.28,3500,98.6,195.7,17.55,2.3,80.15,4,12.07,8.23,0.239,0.343,0.418
IN,India,120,4.440000057,1095351995,3287590,333.2,0.21,-0.07,56.29,2900,59.5,45.4,54.4,2.74,42.86,2.5,22.01,8.18,0.186,0.276,0.538
MR,Mauritania,121,4.375999928,3177388,1030700,3.1,0.07,0,70.89,1800,41.7,12.9,0.48,0.01,99.51,1,40.99,12.16,0.25,0.29,0.46
CD,Democratic Republic of the Congo,122,4.315000057,62660551,2345410,26.7,0,0,94.69,700,65.5,0.2,2.96,0.52,96.52,2,43.69,13.27,0.55,0.11,0.34
GE,Georgia,123,4.291999817,4661473,69700,66.9,0.44,-4.7,18.59,2500,99,146.6,11.44,3.86,84.7,3,10.41,9.23,0.172,0.275,0.553
CG,Republic of the Congo,124,4.290999889,3702314,342000,10.8,0.05,-0.17,93.86,700,83.8,3.7,0.51,0.13,99.36,2,42.57,12.93,0.062,0.57,0.369
ML,Mali,125,4.285999775,11716829,1240000,9.5,0,-0.33,116.79,900,46.4,6.4,3.82,0.03,96.15,2,49.82,16.89,0.45,0.17,0.38
CI,Ivory Coast,126,4.28000021,17654843,322460,54.8,0.16,-0.07,90.83,1400,50.9,14.6,9.75,13.84,76.41,2,35.11,14.84,0.279,0.171,0.55
KH,Cambodia,127,4.190000057,13881427,181040,76.7,0.24,0,71.48,1900,69.4,2.6,20.96,0.61,78.43,2,26.9,9.06,0.35,0.3,0.35
SD,Sudan,128,4.179999828,41236378,2505810,16.5,0.03,-0.02,62.5,1900,61.1,16.3,6.83,0.18,92.99,2,34.53,8.97,0.387,0.203,0.41
GH,Ghana,129,4.168000221,22409572,239460,93.6,0.23,-0.64,51.43,2200,74.8,14.4,16.26,9.67,74.07,2,30.52,9.72,0.366,0.246,0.387
UA,Ukraine,130,4.138999939,46710816,603700,77.4,0.46,-0.39,20.34,5400,99.7,259.9,56.21,1.61,42.18,3,8.82,14.39,0.187,0.452,0.361
UG,Uganda,131,4.119999886,28195754,236040,119.5,0,0,67.83,1400,69.9,3.6,25.88,10.65,63.47,2,47.35,12.24,0.311,0.222,0.469
BF,Burkina Faso,132,4.096000195,13902972,274200,50.7,0,0,97.57,1100,26.6,7,14.43,0.19,85.38,2,45.62,15.6,0.322,0.196,0.482
NE,Niger,133,4.080999851,12525094,1267000,9.9,0,-0.67,121.69,800,17.6,1.9,3.54,0.01,96.45,1,50.73,20.91,0.39,0.17,0.44
MW,Malawi,134,4.032000065,13013926,118480,109.8,0,0,103.32,600,62.7,7.9,23.38,1.49,75.13,2,43.13,19.33,0.342,0.158,0.499
TD,Chad,135,4.027999878,9944201,1284000,7.7,0,-0.11,93.82,1200,47.5,1.3,2.86,0.02,97.12,2,45.73,16.38,0.335,0.259,0.406
ZW,Zimbabwe,136,3.970000029,12236805,390580,31.3,0,0,67.69,1900,90.7,26.8,8.32,0.34,91.34,2,28.01,21.84,0.179,0.243,0.579
LS,Lesotho,137,3.936000109,2022331,30355,66.6,0,-0.74,84.23,3000,84.8,23.7,10.87,0.13,89,3,24.75,28.71,0.163,0.443,0.394
AO,Angola,138,3.875,12127071,1246700,9.7,0.13,0,191.19,1900,42,7.8,2.41,0.24,97.35,0,45.11,24.2,0.096,0.658,0.246
AF,Afghanistan,139,3.808000088,31056997,647500,48,0,23.06,163.07,700,36,3.2,12.13,0.22,87.65,1,46.6,20.34,0.38,0.24,0.38
BW,Botswana,140,3.795000076,1639833,600370,2.7,0,0,54.58,9000,79.8,80.5,0.65,0.01,99.34,1,23.08,29.5,0.024,0.469,0.507
BJ,Benin,141,3.79399991,7862944,112620,69.8,0.11,0,85,1100,40.9,9.7,18.08,2.4,79.52,2,38.85,12.22,0.316,0.138,0.546
MG,Madagascar,142,3.766000032,18595469,587040,31.7,0.82,0,76.83,800,68.9,3.6,5.07,1.03,93.91,2,41.41,11.11,0.276,0.165,0.559
HT,Haiti,143,3.657000065,8308504,27750,299.4,6.38,-3.4,73.45,1600,52.9,16.9,28.3,11.61,60.09,2,36.44,12.17,0.28,0.2,0.52
YE,Yemen,144,3.644000053,21456188,527970,40.6,0.36,0,61.5,800,50.2,37.2,2.78,0.24,96.98,1,42.89,8.3,0.135,0.472,0.393
LR,Liberia,145,3.602999926,3042004,111370,27.3,0.52,0,128.87,1000,57.5,2.3,3.95,2.28,93.77,2,44.77,23.1,0.769,0.054,0.177
GN,Guinea,146,3.592999935,9690222,245857,39.4,0.13,-3.06,90.37,2100,35.9,2.7,3.63,2.58,93.79,2,41.76,15.48,0.237,0.362,0.401
TG,Togo,148,3.532999992,5548702,56785,97.7,0.1,0,66.61,1500,60.9,10.6,46.15,2.21,51.64,2,37.01,9.83,0.395,0.204,0.401
RW,Rwanda,149,3.506999969,8648248,26338,328.4,0,0,91.23,1300,70.4,2.7,40.54,12.16,47.3,3,40.37,16.09,0.401,0.229,0.37
SY,Syria,150,3.494999886,18881361,185180,102,0.1,0,29.53,3300,76.9,153.8,25.22,4.43,70.35,1,27.76,4.81,0.249,0.23,0.519
TZ,Tanzania,151,3.470999956,37445392,945087,39.6,0.15,-2.06,98.54,600,78.2,4,4.52,1.08,94.4,0,37.71,16.39,0.432,0.172,0.396
BI,Burundi,152,3.461999893,8090068,27830,290.7,0,-0.06,69.29,600,51.6,3.4,35.05,14.02,50.93,2,42.22,13.46,0.463,0.203,0.334
CF,Central African Republic,153,3.348999977,4303356,622984,6.9,0,0,91,1100,51,2.3,3.1,0.14,96.76,2,33.91,18.65,0.55,0.2,0.25
